1,https://picsum.photos/200,1,2022-09-13 17:51:18.545956+05:30,2022-09-13 17:51:18.545956+05:30
2,https://picsum.photos/200,1,2022-09-13 17:51:18.545956+05:30,2022-09-13 17:51:18.545956+05:30
3,https://picsum.photos/200,1,2022-09-13 17:51:18.545956+05:30,2022-09-13 17:51:18.545956+05:30
4,https://picsum.photos/200,1,2022-09-13 17:51:18.545956+05:30,2022-09-13 17:51:18.545956+05:30
5,https://picsum.photos/200,1,2022-09-13 17:51:18.545956+05:30,2022-09-13 17:51:18.545956+05:30
6,https://picsum.photos/200,1,2022-09-13 17:51:18.545956+05:30,2022-09-13 17:51:18.545956+05:30
7,https://picsum.photos/200,3,2022-09-13 17:51:18.545956+05:30,2022-09-13 17:51:18.545956+05:30
8,https://picsum.photos/200,2,2022-09-13 17:51:18.545956+05:30,2022-09-13 17:51:18.545956+05:30
9,https://picsum.photos/200,4,2022-09-13 17:51:18.545956+05:30,2022-09-13 17:51:18.545956+05:30
10,https://picsum.photos/200,5,2022-09-13 17:51:18.545956+05:30,2022-09-13 17:51:18.545956+05:30
11,https://picsum.photos/200,6,2022-09-13 17:51:18.545956+05:30,2022-09-13 17:51:18.545956+05:30
12,https://picsum.photos/200,7,2022-09-13 17:51:18.545956+05:30,2022-09-13 17:51:18.545956+05:30
13,https://picsum.photos/200,8,2022-09-13 17:51:18.545956+05:30,2022-09-13 17:51:18.545956+05:30
14,https://picsum.photos/200,9,2022-09-13 17:51:18.545956+05:30,2022-09-13 17:51:18.545956+05:30
15,https://picsum.photos/200,10,2022-09-13 17:51:18.545956+05:30,2022-09-13 17:51:18.545956+05:30
16,https://picsum.photos/200,11,2022-09-13 17:51:18.545956+05:30,2022-09-13 17:51:18.545956+05:30
17,https://picsum.photos/200,12,2022-09-13 17:51:18.545956+05:30,2022-09-13 17:51:18.545956+05:30
18,https://picsum.photos/200,13,2022-09-13 17:51:18.545956+05:30,2022-09-13 17:51:18.545956+05:30
19,https://picsum.photos/200,14,2022-09-13 17:51:18.545956+05:30,2022-09-13 17:51:18.545956+05:30
20,https://picsum.photos/200,15,2022-09-13 17:51:18.545956+05:30,2022-09-13 17:51:18.545956+05:30
21,https://picsum.photos/200,16,2022-09-13 17:51:18.545956+05:30,2022-09-13 17:51:18.545956+05:30
22,https://picsum.photos/200,17,2022-09-13 17:51:18.545956+05:30,2022-09-13 17:51:18.545956+05:30
23,https://picsum.photos/200,14,2022-09-13 17:51:18.545956+05:30,2022-09-13 17:51:18.545956+05:30
24,https://picsum.photos/200,15,2022-09-13 17:51:18.545956+05:30,2022-09-13 17:51:18.545956+05:30
25,https://picsum.photos/200,16,2022-09-13 17:51:18.545956+05:30,2022-09-13 17:51:18.545956+05:30
26,https://picsum.photos/200,17,2022-09-13 17:51:18.545956+05:30,2022-09-13 17:51:18.545956+05:30
27,https://picsum.photos/200,18,2022-09-13 17:51:18.545956+05:30,2022-09-13 17:51:18.545956+05:30
28,https://picsum.photos/200,19,2022-09-13 17:51:18.545956+05:30,2022-09-13 17:51:18.545956+05:30
29,https://picsum.photos/200,20,2022-09-13 17:51:18.545956+05:30,2022-09-13 17:51:18.545956+05:30
30,https://picsum.photos/200,21,2022-09-13 17:51:18.545956+05:30,2022-09-13 17:51:18.545956+05:30
31,https://picsum.photos/200,22,2022-09-13 17:51:18.545956+05:30,2022-09-13 17:51:18.545956+05:30
32,https://picsum.photos/200,23,2022-09-13 17:51:18.545956+05:30,2022-09-13 17:51:18.545956+05:30
33,https://picsum.photos/200,24,2022-09-13 17:51:18.545956+05:30,2022-09-13 17:51:18.545956+05:30
34,https://picsum.photos/200,25,2022-09-13 17:51:18.545956+05:30,2022-09-13 17:51:18.545956+05:30
35,https://picsum.photos/200,26,2022-09-13 17:51:18.545956+05:30,2022-09-13 17:51:18.545956+05:30
36,https://picsum.photos/200,27,2022-09-13 17:51:18.545956+05:30,2022-09-13 17:51:18.545956+05:30
37,https://picsum.photos/200,14,2022-09-13 17:51:18.545956+05:30,2022-09-13 17:51:18.545956+05:30
38,https://picsum.photos/200,15,2022-09-13 17:51:18.545956+05:30,2022-09-13 17:51:18.545956+05:30
39,https://picsum.photos/200,16,2022-09-13 17:51:18.545956+05:30,2022-09-13 17:51:18.545956+05:30
40,https://picsum.photos/200,17,2022-09-13 17:51:18.545956+05:30,2022-09-13 17:51:18.545956+05:30
41,https://picsum.photos/200,18,2022-09-13 17:51:18.545956+05:30,2022-09-13 17:51:18.545956+05:30
42,https://picsum.photos/200,19,2022-09-13 17:51:18.545956+05:30,2022-09-13 17:51:18.545956+05:30
43,https://picsum.photos/200,20,2022-09-13 17:51:18.545956+05:30,2022-09-13 17:51:18.545956+05:30
44,https://picsum.photos/200,21,2022-09-13 17:51:18.545956+05:30,2022-09-13 17:51:18.545956+05:30
45,https://picsum.photos/200,22,2022-09-13 17:51:18.545956+05:30,2022-09-13 17:51:18.545956+05:30
46,https://picsum.photos/200,23,2022-09-13 17:51:18.545956+05:30,2022-09-13 17:51:18.545956+05:30
47,https://picsum.photos/200,24,2022-09-13 17:51:18.545956+05:30,2022-09-13 17:51:18.545956+05:30
48,https://picsum.photos/200,25,2022-09-13 17:51:18.545956+05:30,2022-09-13 17:51:18.545956+05:30
49,https://picsum.photos/200,26,2022-09-13 17:51:18.545956+05:30,2022-09-13 17:51:18.545956+05:30
50,https://picsum.photos/200,27,2022-09-13 17:51:18.545956+05:30,2022-09-13 17:51:18.545956+05:30
51,https://picsum.photos/200,14,2022-09-13 17:51:18.545956+05:30,2022-09-13 17:51:18.545956+05:30
52,https://picsum.photos/200,15,2022-09-13 17:51:18.545956+05:30,2022-09-13 17:51:18.545956+05:30
53,https://picsum.photos/200,16,2022-09-13 17:51:18.545956+05:30,2022-09-13 17:51:18.545956+05:30
54,https://picsum.photos/200,17,2022-09-13 17:51:18.545956+05:30,2022-09-13 17:51:18.545956+05:30
55,https://picsum.photos/200,18,2022-09-13 17:51:18.545956+05:30,2022-09-13 17:51:18.545956+05:30
56,https://picsum.photos/200,19,2022-09-13 17:51:18.545956+05:30,2022-09-13 17:51:18.545956+05:30
57,https://picsum.photos/200,20,2022-09-13 17:51:18.545956+05:30,2022-09-13 17:51:18.545956+05:30
58,https://picsum.photos/200,21,2022-09-13 17:51:18.545956+05:30,2022-09-13 17:51:18.545956+05:30
59,https://picsum.photos/200,22,2022-09-13 17:51:18.545956+05:30,2022-09-13 17:51:18.545956+05:30
60,https://picsum.photos/200,23,2022-09-13 17:51:18.545956+05:30,2022-09-13 17:51:18.545956+05:30
61,https://picsum.photos/200,24,2022-09-13 17:51:18.545956+05:30,2022-09-13 17:51:18.545956+05:30
62,https://picsum.photos/200,25,2022-09-13 17:51:18.545956+05:30,2022-09-13 17:51:18.545956+05:30
63,https://picsum.photos/200,26,2022-09-13 17:51:18.545956+05:30,2022-09-13 17:51:18.545956+05:30
64,https://picsum.photos/200,27,2022-09-13 17:51:18.545956+05:30,2022-09-13 17:51:18.545956+05:30
65,https://picsum.photos/201,24,2022-09-13 17:51:18.545956+05:30,2022-09-13 17:51:18.545956+05:30
66,https://picsum.photos/200,24,2022-09-13 17:51:18.545956+05:30,2022-09-13 17:51:18.545956+05:30
67,https://picsum.photos/200,24,2022-09-13 18:01:37.405+05:30,2022-09-13 18:01:37.405+05:30
68,https://picsum.photos/200,24,2022-09-13 18:01:55.905+05:30,2022-09-13 18:01:55.905+05:30
